iter	RMSE
0	0.6641898217
1	0.6512322703
2	0.6387075794
3	0.6266307826
4	0.6150788744
5	0.6039619956
6	0.5933860521
7	0.5831625721
8	0.573376576
9	0.5639019664
